input sentence,translation
"under n is ""noisy,"" too. this further informs that deaf people aren't silent, as people think. deaf people do really make noises.",THAT FOR DEAF PERSON IX FINE # SO # NO IX CANNOT WHERE IX REFUSE IX fs- BEACH SCL IX MAKE NOISE MAKE REALLY # IF IX HAVE MAKE TEACH+AGENT
who loves to watch fireworks?,# WHEN NOT BUY PLAID
john did not visit mary.,IX fs- MARY WHY IX
sunset and then sunrise.  the house starts shaking loudly.,IX fs- DANA DECIDE NOT HAVE TIME NOW
the clothes are on sale because they used to be expensive.,MOTHER+FATHER MOTHER+FATHER VACATION EVERY-YEAR fs- OF # NO IX LOOK WOW
"if clothes are on sale, my friends and i are definitely going to the mall.",# IF FRIEND FRIEND IX fs- BOB IX IX POSS s t i n t i
"he said, ""pissing like a horse is good."" she said, ""no! it's awful.  it's very loud.""",IX KISS-FIST POSS NEW FRIEND PLAY n t i fs- OF CULTURE
someone arrived here.,# NO ARRIVE
"john told mary, ""i am buying a house.""",fs- BOB IX fs- MARY BUY HOUSE
"once he learns the truth, he will be disgusted.",ONE IX ARRIVE MOVIE_2 IX NOT STAY_2 HOME WHY NOT
"there was a lot of beer everwhere, and people mingling.",ONE POSS BIRTHDAY_3 LOOK NOT IX REFUSE EAT IX SAY IN
"my friend looked at him and said ""oh, no, no...""",FRIEND IX FRIEND GROUP/TOGETHER
where did you put the tree?,IX KNOW IX NEVER SEE DCL
when do you start travelling?,HAVE TIME SCHOOL NOT BUY
he decided to videotape himself riding on one wheel of the motorcycle.,BAD l s e s e s t i c o n
he built himself a house made of wood.,IX PROCEED READ BOOK HAVE PINEAPPLE
"basically, two different groups informed the world that deaf people do make noises, and that the stories deaf people share about the various noises involve...",fs- OF NOISE MAKE PEOPLE OH-I-SEE PERSON WHO IN PUBLIC WHY fs- OF DEAF fs- EVEN VOICE IX NEVER BCL BCL DIFFERENT MOTHER+FATHER MOTHER+FATHER MOTHER+FATHER MOTHER+FATHER MOTHER+FATHER MOTHER+FATHER MOTHER+FATHER
"the teacher, does s/he like movies?",HORSE DCL IN FINISH READ BOOK WHEN
"if there's an emergency, where will you go?",# IF IX IX IX THINK FINE IX CANNOT OUTSIDE
he gets out of bed and goes downstairs to see what is happening.,IX # IF IX # LA IN PUBLIC THAT HAVE
"john should go, he should.",fs- JOHN IX BUY PLAID SHIRT
"he, father, must buy a car for john (i'm telling you).",FRIEND POSS CAR WHO DCL BOSTON WHY NOT BUT
is mom sick?,STUDENT CAN ICL
"if bob studies for his literature test, he will pass it for sure.",fs- BOB IX IX MAN IX INTRODUCE NEW PERSON WOW TO/UNTIL NOT LIKE CHOCOLATE
mother went to the store.,POSS MOTHER IX GO-OUT SCL
the students refuse to listen to the teacher.,FRIEND GROUP/TOGETHER DCL REALLY ONE POSS BIRTHDAY_3
"to build his house, he chopped up trees.",FRIEND IX FEEL SAME NOT EXPERT MAKE REALLY WOW
"last year, we read a lot of books.",FRIEND FUTURE KNOW IX FINISH READ BOOK
where did john live last year?,fs- JOHN GO WHO MANY EXPERIENCE
"really, i would have preferred a mcdonald's burger--they're better than this one was.  oh well.  ",POSS SISTER IX fs- GRUNT s t i n u a l s t THAT POSS FAMILY MUST GRADUAL-IMPROVE DCL DEAF fs- RENT
if it's raining i'm still going outside.,FAMILY TEND COMMUTE BICYCLE
he/she will go to school if it's not canceled.,IX DECIDE TELL LOOK WHY IX IX MUST NICE/CLEAN u a l s
those two friends dyed their hair together.,FRIEND FRIEND GROUP/TOGETHER DCL DCL TOGETHER/GO-STEADY_2 DCL
"no, i did use the right key. the car is broken.",IX CAN DCL HAVE DEAF PEOPLE IX SAY
what time does mom finish work? at 2pm.,DRESS/CLOTHES # JOB IX fs- BEACH MANY THING WOW
the teacher gave each of the students one book.,MOTHER BOOK STUDENT POSS NEW CAR UP-TO-NOW - c
john is going to the library to read a good book.,MUST CAR IX READ BOOK CHOCOLATE
the student there loves chocolate but doesn't like reading.,STUDENT IX KISS-FIST IX DEPART QM
john bought many books.,fs- BOB GIVE CAR
"if the teacher requires it, john will read the book.",IDEA fs- JOHN SHOULD IX NOT BUY MOTHER THAT IX NOT
one of my former students told me a story about her experience when she took the sat in high school.,FRIEND GROUP/TOGETHER
"when it happens to rain, i stay home.",# BQQ PARTY IX IX THINK HOME STILL HOT
"...it can create a fumble,  ",fs- OBAMA IX THINK MANY DCL
john wants to sell (his/a) car.,fs- JOHN TAKE READ BOOK
"""i am fine,"" he said.",SCL DEAF PEOPLE
"one well-known videotape by angela petrone stratiy, made in 1999, called ""deaf people have problems,"" shares some experiences about things that make noises, as a warning.",# SO POSS IDENTIFY BUT FUNNY MORE FRIENDLY DEAF DCL HOPE
"if i don't study, i am guaranteed to fail.",# IF IX IX NOT REASON IX MUST WAIT MOTHER+FATHER MOTHER+FATHER IX
"everytime i go to my uncle's house, he tends to stay inside.",# IF IX NEVER SEE IX NEVER SEE IX DEPART FISHING
who is liz's famous sister?,fs- BRIDE SAME FOR SHOW HOW DEAF
"i sat down and waited for a long time.  finally, i went in. ",IX REALLY IX GO-OUT PARTY
did john read the book?  when?,fs- JOHN SHOULD NOT BUY CAR BREAK-DOWN
what kind of car did he buy?,POSS FRIEND GROUP/TOGETHER BOOK
how many books does john want to buy?,fs- SUE BUY BOOK IX BOOK QM
where did the friends drive to?,SNOW SCHOOL # WHAT IX #
i found someone's book.,# IF IX MUST DECIDE MOTHER
“the economy now is great! it`s fine.” “no! it`s really messed up now.”,# SO IX FINISH NICE/CLEAN KITCHEN WHY IX MAKE IN PEOPLE POSS SISTER IX THINK IX CAN IX THINK THAT IN SCHOOL NOT BREAK
"...anyway, i wrote that i wanted a burger with fries, just simple...cooked medium..",MAKE BCL BCL BCL ICL # SD IX REFUSE REALLY WOW IX CULTURE IN # NO IX MUST PAY fs- ALI TO/UNTIL WORK
"when bob starts the fire, we will collect logs to keep it going.",fs- JOHN KNOW HAVE BIG # NO IX LOOK LOOK EAT MEAT YES BUOY
"it feels like they have died, and become a zombie, disconnected from the reality of the world. they talk, but they cannot hear.",# SO THAT IX fs- MARY IX IX REALLY IX SCL IX IX THINK SAY IX # SO
mary is a vegetarian.,LOOK POSS MOTHER IX
"when it was time for his voice test, his voice didn't match the character. things weren't like they used to be and his career slumped.",IX HAVE fs- PARK IX SAY LOOK OH-I-SEE NOT CANCEL/CRITICIZE LOOK OH-I-SEE SCL SELL BUOY
my friends crashed the party.,FRIEND IX MAKE SHIRT MOTHER+FATHER
"no, the car's not broken.",WHO POSS ARRIVE QM IX CAN WHO
"i rummaged in the trunk.  i admit that it was my first time changing a tire. i know all men should know how, but unfortunately, i didn't.",fs- DONNA HERE IX HAVE MANAGE/CONTROL WITH BIG # DOG_2 MUST MORE s e p l s e s e s e f a r i p l LOOK # SALE
... on which area each would have and went ahead to start setting them up.,REALLY WOW DEAF PERSON IX MUST CLEAN GUEST
i remember i was young.  it was my first book i read...,IX FINISH MOVE-AWAY QM
"if john did that to me, we would have broken it off a long time ago.",fs- JOHN IX MUST MAKE LIST IX fs- EVEN KNOW MORE FRIENDLY IX
"if my son is born tomorrow, he will be born in 2013.",# IF RAIN IX IX REALLY MANY SCL PAST+NIGHT IX THINK IX fs- BEACH SCL ICL
"mary enjoys acting, not reading.",fs- BOB IX NOT IX READ
"does john drive mary to work? no, he usually drives amy to work.",fs- JOHN POSS fs- JOHN KNOW IX fs- JOHN fs- MARY IX fs- LATE FOR
"oftentimes, people who have experience  talking on the phone, visualize what the person they're talking to might look like.",IF POSS MOTHER+FATHER IX GO-OUT HOME IX FINISH IX IX CAN GO-OUT BCL
she talked into my ears and i didn't pay attention.,IDEA IX REALLY POSS FATHER IX
my friend is calling home on the video phone.,FRIEND GO-OUT IX GO-OUT IX BUOY
then i got back into the shower and washed up. it felt so good!,BCL BCL ICL IX NOT fs- LATE NIGHT IX IX IX FINE
john is arriving.,fs- JOHN DRIVE
...because muhammad ali has parkinson's disease...,# DOG_2 IX fs- JACK GO-OUT PARTY IX IX ARRIVE HOME fs- OF
"john was reading that book, what did he say it is about?",fs- BRIDE AND DCL IX MUST READ AND BUOY
mother bought one book yesterday.,fs- RENT NOW BOOK FUTURE
which high school did you go to?,IX NOT BUY HOUSE WHY IX
"if it rains tomorrow when i arrive at my uncle's house, i will stay inside.",# IF IX MAN IX MUST PAY EVERY-MONTH/RENT WHO NOT WIN DEPART TOGETHER/GO-STEADY IX THINK WOW
the parents of the group with deaf professionals would get through the grief progress quicker and usually be able to move on quickly.,# IF FRIEND IX fs- CEREAL IX MUST PAY fs- LOTTERY IX CAN HEAR BUT STILL POSS BROTHER IX CAN DCL REALLY
my aunt is an expert at making blue berry pies because she grew up making them.,HORSE DCL BCL BUT MOVIE IX KNOW IX HAVE fs- CREAM CHEESE IX GRAB-CHANCE DCL DCL
the study notices how the hit group thinks that the glass wasn't broken at all.,TEACHER IX FINISH PAY fs- BOB IX fs- VERY DIFFERENT SAME POSS MOTHER IX MUST PAY #
"you're wrong, that is not pineapple cream cheese. i prefer lox.",IX fs- BRIDE CAN LOOK PERSON IX fs- MARY NONE/NOTHING
"the cultural interpretation is that these noises fit with anger, happiness, or various other things.",IX MUST MORE IX fs- OF IX HEARING REALLY MORE SAME # HS IN HOUSE RAIN IX
"sometimes he  imagines he is still boxing in the ring,",IF IX NOT POSS NEW AUNT IX KISS-FIST # SO
you probably wondering why i didn't report it to the police.,BCL REALLY FOR SHOW fs- ORIENTATION
...i saw a bush.,DCL IX LOOK # DOG_2 IX NOT
"no, i wouldn't stop vomiting if i had pineapple cream cheese. lox only is fine with me.",# IF IX # IF IX fs- JOHN FINISH DECIDE IX NOT REASON PEOPLE IX HOPE IX LOOK fs- EVEN DISCUSS
maybe john and mary will decide to work together now.,FOR IX fs- LATE FOR REALLY fs- MUHAMMAD fs- JOHN
"if my family adopts the puppies, i will immediately go to the pet store to buy collars, of which they have assorted colors.",# IF POSS FRIEND GROUP/TOGETHER DEPART COOLER DEPART MOVIE ACT WHY DEPART GUITAR REALLY POSS SISTER SAME IX fs- LOTTERY EAT+NIGHT EAT+NIGHT EAT+NIGHT BUOY QM
"my friend is leaving when?  uh, tomorrow.",FRIEND IX HAVE BIG FRIEND GO-OUT DEPART HOME
are the friends going out?,FRIEND SCL
the teacher expects john to read a lot.,NOW NOW
he puts the cover back on and nails down each corner.,BCL BCL DCL BCL
who listens to the teacher?,TEACHER FUTURE GO-OUT FISHING WHERE
when jack was standing outside did he see something/someone weird?,fs- JOHN MUST PICK/CHOOSE WHY fs- LATE YES HEAR POSS IDENTIFY WHY
i've never seen john's car.,IX FINISH LIKE CHOCOLATE DRY-CEREAL IX MUST
who wants to play frisbee?,SOME CAN RAIN IX ICL
"a doctor came in, he was new and had just joined the staff.",# SO IX REALLY ONE DCL WHY IX MUST ACCEPT LOOK IN BOSTON NOT
who found the key?,SOME IX FINISH READ
there's no rain.,LOOK # WHEN NOT CANCEL/CRITICIZE
"of course, it's because l.a. is near the mexican border. ",ONE VOICE LOOK FINE IX MUST STAY ICL BCL ICL ICL # NO REALLY BIG #
the mother and the boy are both going to the library.,NOW IX HAVE PINEAPPLE fs- RENT WHO
did the student's mother buy a car already?,IX CAR YESTERDAY HOUSE BUY HOUSE
it was good time.  all night i enjoyed myself.,DEAF PEOPLE WHO MAKE REALLY MAKE BLUE+fs-BERRY
"""i don't want to see any end zone...",ICL NOT MUST FUTURE IX IX fs- SPEECH IX HAVE BIG IX NOT
he removes the lid.,COP IX DRIVE IX
"when the teacher finishes reading the magazine, he/she will read a book.",MOTHER+FATHER MOTHER+FATHER MOTHER+FATHER MOTHER+FATHER MOTHER+FATHER MOTHER+FATHER MOTHER+FATHER MOTHER+FATHER TWO DCL FINISH READ BOOK
it's john who will give a car to (his) father.,THAT ARRIVE
some woman arrived.,FRIEND IX #
who wants to play frisbee?,WHO IX FEEL POSS FAMILY
is that videogame easy to beat?,# OK EXPLAIN SOME DRY-CEREAL IX
...is my favorite sport.,DEAF # SO IX IX DEAF SISTER
we just sat and relaxed--aaahhh...,# SO THAT IX IX MAN IX fs- SUE IX
"next week, john is going to new york.",REALLY NONE WORD fs- JOHN READ BOOK FUTURE CANCEL/CRITICIZE
"they really can do all of the options. one family can choose to use sign language, and if another family wants to use speech, that's fine.",IF IX POSS FRIEND KNOW FOR SHOW POSS SISTER DEAF PEOPLE ONE HOSPITAL HEARING AND REALLY POSS FAMILY VACATION BOSTON BOSTON IX HAVE DIFFERENT BUT REALLY DEAF PEOPLE HAVE fs- ORIENTATION
what does my sister want for her birthday?,# IF fs- OF SISTER IX TAKE-UP POSS
"i thought,""perfect!"" we pulled off and took the opportunity to eat at mcdonalds.  ",SCL NOT CANCEL/CRITICIZE IX MAN IX WORK BICYCLE WOW IX MAN IX MUST WRITE
my sister doesn`t want a headband for her birthday.,POSS FAMILY VACATION FRIEND WHY IX DANCE STORY DEAF PEOPLE REALLY
"""i think it was only a dream, or just my imagination about things.  i don't know--forget it,"" he said",IX NEVER SEE # HS IX MUST
"if bob gives his sweetheart a rose, she will be happy.",# NO IX IX HAVE HERE # OR REALLY NOT LIKE fs-
sometimes deaf people share and exchange stories about what they have learned about noises. so they will be careful with subsequent situations.,# SO IX LOOK PEOPLE BCL REALLY IX fs- ALI IN PUBLIC fs- LATE NIGHT IX FINE WHERE THAT IX THAT MAJOR fs-
did bob give someone roses?,fs- BOB IX FINISH EXPERIENCE
"if he can't finish reading the book, then he will give it back to the teacher.",FRIEND POSS FAMILY READ BOOK WHY WHY IX
it is important to escape the big storm.,# NO IX FUTURE DCL REALLY IX LOOK
"...the quarterback, who has the running back behind him.  ",REALLY POSS FRIEND SCL
i tend to commute to and from work by bicycle.,IX fs- BRIDE IX LOVE LETTER/MAIL QM
"when my computer breaks down and i don't know what to do, i'll ask someone for help.",fs- SUE WORK BICYCLE CAN ORDER # LA IX IX fs- GRUNT DCL IN HAVE DCL DCL # OK
john hasn't finished reading the book yet.,fs- JOHN SHOULD FINISH READ BOOK
"dana was watching me.  she was mischevious, dana was--same as me growing up.  ",fs- OF IX fs- DANA OH-I-SEE fs- BEACH MEAN GROUP/TOGETHER MANY THING
who sent the letter?,BCL BCL POSS FATHER
should mother buy a car?,POSS FATHER ARRIVE CAR NOT
john lived in chicago.,fs- JOHN CAN COP
"they exceed normal voice ranges, which gives rise to various interpretations.",# SO IX KISS-FIST POSS SISTER MUST IX MAKE REALLY POSS CAR
"""you're going to hawaii for christmas break ?"" ""no, i'm going to hawaii for spring break.""",IX KISS-FIST GO-OUT PARTY PAST+NIGHT PAST+NIGHT PAST+NIGHT PAST+NIGHT PAST+NIGHT PAST+NIGHT PAST+NIGHT PAST+NIGHT
where is the video phone that you want?,BCL BCL IX IX
he pries open each corner.,COP ARRIVE HOME fs- LOTTERY
i must find a gift for my mom.,# WHEN IX HAVE VIDEOTAPE IN WITH VOICE
"after not studying, there's always a pop quiz.",# IF IX HAVE BIG # SO IX MUST
"for example, a styrofoam cup, when it  is peeled, is extremely noisy and loud. it sounds like fingernails scratching a chalkboard. so there is a warning not to peel styrofoam cups.",REALLY IX fs- OF fs- BEACH MORE SAME IX REFUSE DCL DCL fs- OBAMA IX HAVE MANAGE/CONTROL BUOY BUOY BUOY FINE IX NOT HAPPY WHERE NOT # SO
"if my friend boldly asks for directions, i am willing to drive.",FRIEND IX MEET YESTERDAY WHO LOVE IX JOIN
"it wasn't john whose car broke down, it was mary.",IX fs- MARY WHY IX fs- MARY FUTURE fs- BILL fs- JOHN FUTURE
"the deaf person said, ""sure thing"" and drove away.",ICL DCL REALLY POSS
who is planning to surprise bob?,WHO BOB IX fs- BOB WHY
that makes it to seem like an opportunity to do more than one.,IX GO-OUT # NO KNOW IX KISS-FIST TRIP
"no, mary is not a vegetarian.",fs- JOHN KNOW NOT CANCEL/CRITICIZE IX FAVORITE/PREFER
"when the president leaves, i will talk with the reporter.",# IF IX NOT # OK DEAF PEOPLE MUST MORE -
mother looks sick? how?,MOTHER IX IX CAN FIND/FIND-OUT
and how deaf people form their voice range.,fs- BOB IX DCL NOT fs- OF IX
"so basically, i almost never went home to except for vacations or long weekends, that`s when i would commute. but, most of the time i stayed in rochester...",DEAF THAT SCL IX THINK MAYBE HEARING DEAF PEOPLE IX DEAF PEOPLE SAME SAME DCL DCL WHERE DEAF PEOPLE DCL BOSTON IX LOOK IX HEARING IX # SO NOT STILL GONE
i have an older sister.,ONE FAR PLAY FOR FATHER
"(the teacher) regularly watches him,  encouraging him to read.",POSS STUDENT IX HAVE fs- ALI LOVE IX THINK POSS FATHER IX
did mother go to the store?,MOTHER NOT BUY PLAID SHIRT
"wow, he/she left fast.",REALLY LOOK IX fs- LATE NIGHT
father is currently mowing the lawn.,FATHER IX fs- GRUNT FOR FOR
why do you have to use the video phone? can't you text?,# IF IX SCL IX PROCEED HAVE CAN SAME IX REFUSE BOSTON DCL DCL DCL
mother gave john chocolate yesterday.,MOTHER LIKE PINEAPPLE fs- JOHN
i'm working.,IX HAVE
"if i don't have a book to read, i get bored.",THAT DCL fs- BOOK IX ARRIVE HOME
who is sick?,SAY SAY IX
how many books will john buy?,fs- JOHN READ IX fs- CREAM
he married that woman and lived happily ever after.,BCL SCL POSS FRIEND IX BCL BCL FINE BUOY
my sister wants a headband for her birthday.,SISTER DCL POSS FAMILY WHY RECENT-PAST PIZZA_4 EAT+NIGHT
"they didn't care about money: back in the 50s and 60s, football...",LOOK OH-I-SEE IX fs- SPEECH IX TAKE-UP PIZZA_4 MUST CLEAN GRASS IX fs- OF MOTORCYCLE
"then interpreter informed me that my ""inhale to avoid cough"" sounded like a sigh.",POSS BIRTHDAY_3 IX fs- BOB IX FAVORITE/PREFER REMOTE # SD WHY DCL DCL DCL OTHER BUILDING
my sister went water tubing.,FOR COP DIFFERENT FOR BOOK
"no, i don't have a car.",POSS CAR ARRIVE WHO
she didn't realize that her voice actually sent a message that was misunderstood.,fs- JOHN FUTURE IX # WHEN IX LOOK PERSON IX IX NOT IX HAVE NONE/NOTHING
the teacher cleans the classroom everyday because he wants it clean for his students.,TEACHER IX NEVER SEE LOOK MOTHER+FATHER MOTHER+FATHER MOTHER+FATHER MOTHER+FATHER MOTHER+FATHER MOTHER+FATHER MOTHER+FATHER MOTHER+FATHER IX
the friends have not played frisbee.,FRIEND GROUP/TOGETHER POSS fs- MARY BUOY
"...really, football players now make millions of dollars.  ",# LA MANY NOW LOOK MOTHER+FATHER MOTHER+FATHER MOTHER+FATHER MOTHER+FATHER MOTHER+FATHER MOTHER+FATHER MOTHER+FATHER
the screening shows that the baby is deaf.,IF FRIEND KISS-FIST MOVIE ACT BCL
but anyway i was sitting...,# IF RAIN IX NOT BREAK WINDOW
you're going to the mall today? can i join? my car has a flat.,REALLY BIG # SO IX MAN POSS FAVORITE/PREFER PERSON MUST GO HOSPITAL AREA NOISE fs- BILL fs- BEACH
wolf chased after the pigs.  two pigs went into the brick house.,ONE FAMILY KNOW IX ICL ICL ICL BCL
barack obama swam at the beach.,REALLY MANY DIFFERENT fs- MARY
jim threatened to sue the man who punched him.,IX IX WORK BICYCLE WHO ARRIVE HOME fs- ROPE
mary owns many different cars.,fs- MARY IX CAN FIND/FIND-OUT
john's voice was a good match to the character he played. his character in the movie was that of a swashbuckler.,fs- JOHN IX THINK RAIN ICL
is bill planning on moving to new york?,PEOPLE fs- DONNA HAVE WIDE WARM A-OK IX
"in the field of audiovocal orientation, they have their own way of viewing the role of voice range...",# SO IX fs- BOB IX MUST NICE/CLEAN MOTHER+FATHER MOTHER+FATHER MOTHER+FATHER MOTHER+FATHER MOTHER+FATHER MOTHER+FATHER MOTHER+FATHER MOTHER+FATHER MOTHER+FATHER MOTHER+FATHER MOTHER+FATHER MOTHER+FATHER MOTHER+FATHER
i didn`t enjoy talking to donna and jessica.,IX BCL IX THAT BOOK MOTHER+FATHER MOTHER+FATHER MOTHER+FATHER MOTHER+FATHER IX
"my hand became numb, and he stitched it.",FRIEND IX FINISH READ BOOK DCL
"after working out and playing he went into the locker room to change clothes and next to the room there was a hallway. he heard two deaf people grunting. as if they were having a conversation, and grunting back and forth.",DCL fs- OF IX fs- IT DCL DCL DCL DCL REALLY PERSON BCL TWO fs- IT fs- OF fs- OF PEOPLE WHO fs- BEACH IX REALLY POSS BIRTHDAY_3 KNOW DCL WHO PEOPLE POSS fs- CREAM CHEESE IX NOT LIKE SCHOOL
"if i don't have any money, i go to my aunt's house and eat there.",# IF FRIEND
john should buy a car.,fs- BOB POSS CAR FUTURE
"that list goes from ""a"" to ""n"".  picking a word, ""noise"": people should be aware that deaf people make noise, often without realizing it.",fs- THEN POSS IDENTIFY VOICE fs- BEACH HAVE BETTER fs- VERY fs- OBAMA NOISE IX IN PUBLIC MAKE REALLY LIVE IX fs- OF VOICE DCL LOOK LOOK fs- SPEECH SCL PEOPLE CAN TELL THAT
"so, i will be analyzing what goes along with deaf speech.",REALLY IX DEAF PEOPLE IX MUST # WHEN IX HAVE
what did john buy yesterday?,fs- MARY NOT BUY BOOK
"the house shakes again, louder and worse than before.  he ran downstairs.",IX NEVER LIVE CAN DCL TOGETHER/GO-STEADY_2 YES PEOPLE POSS NAME ICL ICL ICL
"wow, his/her friend is a tall man.",WHEN SNOW SCHOOL NOT RAIN IX NOT RAIN
"wow, someone told me that the president might get fired.",IX LOOK IX SAY YES IX
the student does not like chocolate.,TEACHER LIKE IX IX fs- BILL
"""...i saw him put something in his mouth""",KNOW IX fs- BILL fs- OF fs- BEACH DCL DCL TOGETHER/GO-STEADY_2 QM
"if mother cleans the kitchen, it means we can`t bake cookies.",FRIEND GROUP/TOGETHER SAY WHERE IX SAY IN # DO
the movie starts at 7.,TEACHER FINISH READ BOOK HAVE
"if my friends do not want to go out, i will stay home and watch television.",FRIEND RAIN IN # LA IX IX FUTURE GO-OUT SELL WHY
if it stops snowing outside then school will reopen tomorrow.,POSS SISTER MAKE NOISE IX KISS-FIST POSS BOSS IX REFUSE
"i had to put up and stay up til six or seven in the morning.  i was hoping that gas station would be open by then, since i needed my tire fixed before i went on to boston.",BAD IN MAKE REALLY ONE SAME IX DEAF BUT # WHAT MANY PEOPLE SAME # HS HOW IX DEAF PEOPLE DCL DCL DCL LOOK BUT WHY POSS fs- OBAMA HEAR NOISE IX REALLY MOTORCYCLE IX # LA IX fs- EVEN
if john stays home it probably means he's sick.,# ALL_2 RAIN MANY MAN POSS CAR BLUE
they grabbed my arm and bent it behind my back.,ONE NIGHT WHERE IX FUTURE IX LOOK IN # SO
i bought a gift for my mom. she will love it!,BCL BCL
four of us boys lived in a dorm room.,# IF IX GO-OUT TRIP IX HAVE BIG #
"what they praise is connected to the voice; they say, ""you have a beautiful voice""…",SAME IX REALLY HAVE GOOD/THANK-YOU MANY IX THINK IX
i will keep drinking coffee.,IX FAMILY VACATION EVERY-YEAR DCL
sue is buying that blue car.,fs- JOHN SHOULD GIFT CHOCOLATE WHO
"yesterday, i didn't play any golf.",fs- DANA NOT ARRIVE ACT REALLY EXPECT THAT ONE
"he died way back, when i was around 8 years old.",SAY IX DCL POSS MAN NEW WORK ALL-NIGHT WHY HAVE BIG #
"john won't take mary to work, he usually takes amy.",fs- JOHN LOVE
"if bob studies literature, he will pass his final exam.",fs- BOB IX fs- BOB IX SAY IX CAN FIND/FIND-OUT ONE
"""i want to see you put the ball down on the ground...",IX IX # NO NOT BREAK WINDOW # LA IX LOOK
did mother give chocolate to john?,STUDENT IX MOTHER IX CAR WHO
was i passed out drunk last night?,ONE SCL WHERE IX
i went and got another bag to put on my hand.,IX NOT IX GO-OUT IX CAN IX IX
my friend is surfing the web.,PARTY FRIEND LOOK OH-I-SEE GROUP/TOGETHER DCL
father likes both books and movies.,STUDENT FUTURE READ BOOK FUTURE BUY
"the wolf held his sore behind in relief, then ran away.  the three pigs happily celebrated and danced.  they lived together for ever after.  ",IX fs- IT CAN GO-OUT # ALL_2 IN THAT IX REALLY PERSON IX ENTER BUT IN PUBLIC IX
how many books will the students read?,FRIEND GO-OUT SCHOOL
frank's car broke down.,fs- GRUNT fs- BOB IX MUST
"if it's raining tomorrow, i'll stay home.",# SO IX NOT LIKE POSS FAMILY WOW CAN GO-OUT # HS
who sent the letter?,NOW DEPART FISHING IX
"here (in boston), they have good service, well not 100 percent of time but you tend to get good service---they make sure you're comfortable. ",IX DEAF # DOG_2 # NO IX THINK MORE CITY/COMMUNITY NOT IX THAT DCL IN BOSTON fs- BEACH SCL
"my mother told her to take it easy, said ""we'll see... """,OFTEN IX THAT IX REALLY PITY HOW AND SECOND-IN-LIST WHY HAVE HOW SAME IX SAY DCL DCL FIRE
"really, i felt...",HORSE POSS fs- BILL IX THINK
who is going out?,MOTHER IX IX NOT
the boy's bike crashed and he fell off.,NOT POSS FAMILY WORK BICYCLE FINISH
john should not buy a house.,fs- BOB HAVE MANAGE/CONTROL
who will go to the post office?,POSS FATHER IX MAKE REALLY WHO SCL
that first night they brought me home...,ATTENTION-WAVE IX fs- SPEECH ARRIVE HOME fs- OF WHO
"analyzing information from a voice that tells their character, their personality, and their job. you may also be able to tell a person's size, height, weight, age, race, gender, sexual orientation...",PEOPLE DCL DCL DEAF IX # SO AND DCL DCL REALLY IX CAN fs- ORIENTATION MOTHER+FATHER MOTHER+FATHER MOTHER+FATHER MOTHER+FATHER MOTHER+FATHER MOTHER+FATHER MOTHER+FATHER MOTHER+FATHER MOTHER+FATHER MOTHER+FATHER MOTHER+FATHER MOTHER+FATHER MOTHER+FATHER MOTHER+FATHER MOTHER+FATHER TWO FOR # LA # SO IX MAKE REALLY DIFFERENT
"when father arrives home late, mother refuses to make dinner.",POSS FRIEND NOT WHO fs- OF fs- LATE NIGHT IX FINE
"honestly, i don`t like commuting to work by bicycle.",# WHEN # IF POSS IDENTIFY LIST-ORDER POSS EXPERIENCE fs- OF SCL
john did not visit mary.,fs- JOHN HAVE fs- MARY
because that waitress was really hard to understand.,IX SAY WHERE
"the hearing people don't tell each other, ""you have a good speech,"" they don't.",SAME DCL DCL IX DCL BCL NOT IX THINK DIFFERENT # ALL
why do you work all night?,IX MAKE NOISE FINISH GO-OUT
wearing black clothes in the summer will make you hot.,SNOW SCL SCL PAST+NIGHT IX DCL WHERE IX REFUSE IX
he drank coffee all day.,IDEA BCL BCL WHO MANY
i notice that babies hate fireworks. the fireworks scare the babies.,BCL BCL BCL
the deaf person continued driving and started to speed again.,MAKE # ALL DEAF THAT DCL LOOK
i swerved and slammed on the brakes; the headlights shone right in the deer's face.,STUDENT IX SAY FUTURE DEPART
why are they chasing me? i asked myself.,REALLY RAIN IX HAVE
the teacher finished reading the magazine so now she is going to read a book.,TEACHER LIKE IX READ BOOK WHERE IX BOOK CAN QM
i commute to work by bike.,IX MUST PAY EVERY-MONTH/RENT IX REFUSE
the horses hate the rain- they don't like running in the rain.,AUNT WHERE IX FINISH DECIDE IN BOSTON BUT IX MAKE TO/UNTIL NOT-YET
when did the president go to china?,SEEM MANY THAT IX GO-OUT # NO
"last week, john went to new york.",FATHER ARRIVE HOME WHO LOVE TRIP FUTURE READ
"if my family decides not to adopt the puppies, my friend probably will.",# IF FRIEND FINISH READ BOOK IX # DO IX FINE
i changed the tire. the tire was a donut tire that is only supposed to last for 50 miles.,NOT IF IX HAVE FLAT-TIRE_3 FOR SHOW IX REALLY MAKE REALLY NONE SCHOOL SAME IX FEEL BCL DIFFERENT TO/UNTIL POINT-TO REALLY
"once i finish work, i'm going home.",COP fs- JACK SCL BUOY WHY IX
there are many issues related to how body control is associated with objects in the environment.,# IF POSS BEST HERE WHERE fs- MPH THAT DCL NOT MANY MAN IX MUST PAY
it is empty.,fs- BEACH IX
did bob send the letter?,fs- BOB IX KISS-FIST BUY
i told him/her tomorrow it would rain.,IX FINISH VACATION WHERE IX THINK NOT IX
mother is sick because she just took care of her ill friend.,STUDENT IX SAY PAST+NIGHT HAVE WHY POSS FRIEND
"if i pay rent now, i will have to cancel my vacation.",# IF IX NOT MANY IX IX MUST
"i didn't realize that nebraska was really that big! but anyway, so i was driving...",IX MAKE DEAF PEOPLE NOT SNOW SCHOOL CONTINUE
what time did my friend crash the party?,FRIEND GROUP/TOGETHER FOR FRIEND GO-OUT PARTY TIME CULTURE
"still when i was twelve and a half years old, after six and a half years in all, my father found out that he would have to move away again",POSS SISTER DCL fs- VERY REALLY ONE IX CANNOT THAT IX IX SCL SCL SCL e s e s e s t i b u a t i v e s
john is constantly driving mary to work.,fs- MARY IX fs- JOHN MUST READ
i don't want to go out; it's raining now.,BCL BUT MOVIE WHO
is it raining outside?,# IF SNOW SCHOOL
john is giving mother chocolate.,IX IX MOTHER IX ARRIVE
"the cop told my friend, ""make sure you keep an eye on him overnight.""",HAPPEN IX # NO POSS SISTER IX MUST NICE/CLEAN CLASS_2+BOX/ROOM REALLY IX THAT KIND fs- DANA WHO
the boat suddenly shot down; the rapids were churning all around us.,IX MUST PAY fs- OF IX REFUSE IX MUST GO # WHAT
i noticed my sister acting strange.,POSS SISTER IX FINISH READ BOOK
"ali was sitting, shaking; then he got up slowly and started punching the air.",fs- IT IX fs- BOB HAVE BIG fs- BEACH NOT-YET DO-DO TALK TIME REALLY fs- PARK
"if i go to a public school, it is guaranteed that i won`t pay attention because there is no communication.",IX IX SAY LOOK # IF IX FINE NOT LIKE SMALL # NO IX # LA IX BCL BCL BCL BCL QM BUT
the man decided he didn't want a big car; he prefers a small car.,# IF IX fs- JACK DISGUST WHY IX LOOK THING IN HOUSE SAME TIME NOW
...saw the whole thing.,IX ARRIVE HOME fs- IOWA QM
that (right over there) is john's car.,POSS CAR
how many cars has the teacher bought so far?,REALLY TEACHER GIFT fs- BILL SAY IX IX THAT
who commutes to work by bike?,# NO COP IX HAVE BIG
"no, john didn't break the truck, mary broke the truck.",fs- JOHN KNOW IX IX WORK HAVE WHO NOT fs- JOHN FUTURE
some boat sank off cape cod (i think).,# ALL_2 HAVE PINEAPPLE fs- MUHAMMAD DOCTOR NOT-YET FIND/FIND-OUT MANY
my friend loves traveling all over. his favorite place is asia because their food is delicious.,FRIEND GO-OUT # HS THAT fs- BEACH WHY IX CAN LOOK IX MAKE HOT IN fs- TOO
"""i better get going,"" he said.",IX IX IX
"there are many different options: they can pass to the wide receiver, ",# SALE PLAY n a c o n t i n u a
i reached under the raft and found her.,IX MAKE REALLY SELF IX MAKE NOISE IX
my friend is currently planning a surprise event.,POSS SISTER IX FRIEND GO-OUT PARTY # NO
the bride and groom didn't dance.,fs- DANA KNOW IX WIN fs- IT
mother isn't buying a car for john.,MOTHER CHOCOLATE fs- JOHN
then they would ask the hit group about the car and whether if the glass was broken.,IX FINISH PAY fs- LATE WHY DCL REALLY fs- JOHN FUTURE TAKE-UP
the student who won the award will get a $100 voucher.,POSS BROTHER ICL ICL # NO NOT HAPPY BUOY
"if you want to tease hearing people, then you can peel the styrofoam cup; that's kind of a warning.",# DO # JOB IX HEARING IX SAY IX IX NOT BUY CAR STILL SUNNY IX DEAF WHO WOW TWO
"if father arrives home late at night, he can't help us with our homework.",# SO THAT POSS NEW WORK NOT STILL LIVE IX LOOK
"if my friends go out, i will join them.",FRIEND GROUP/TOGETHER PLAY IX fs- OF
if there's no snow outside then normally school isn't cancelled.,THEN WHEN RAIN IN THAT AND SAME IX FINISH GO-OUT RAIN DEAF
mother cleans the kitchen.,MOTHER CAN TELL #
they made a judgment in the bathroom. judgment is carried out in the bathroom.,IX fs- VERY DEAF PERSON CAN IX KISS-FIST NOT KNOW IX MUST GO COLLEGE IX
some boat sank off cape cod (i think).,IX CAN SISTER NOT-YET QM
"but in the la area or north, well really mostly in la area, there are many smaller cliques.",REALLY IX FEEL BUT THAT GROUP/TOGETHER HOW AND fs- IT IN SCHOOL REALLY WOW
striped shirts are cool because they look good on me.,SAME IX SAY CAN ICL ICL WHY IX HAVE fs-
i wrote to explain that deaf people can read lips.,NOT IX NOT BREAK WINDOW # NO IX REFUSE TELL
bob hasn't sent the letter.,fs- JOHN FUTURE FINISH CLOSE-DOOR MAKE COURT
"the pig, i mean, the wolf arrived and stared at him.",POSS FRIEND GROUP/TOGETHER FINE
specific places allow grunting but in general everyday grunts are not really accepted.,POSS SISTER KNOW IX REALLY MANY a t i n a t i
"subtelny, in 1975, he took notes and set up a checklist for students who were enrolled at ntid. he observed their speech through annotation.",THEN MAKE REALLY BIG DIFFERENT EXPERIENCE DEAF fs- OF POSS BOSS fs- GRUNT DCL REALLY MANY THING WOW TO fs- VERY fs- OF YEAR IX DEAF PERSON FOR IX CAN
"the range goes from ""intelligible,"" meaning it can be understood, to nothing comprehensible, ""grunts.""",IX fs- IT fs- RENT WHO TALK fs- OF fs- OBAMA IN fs- BOB IX KNOW IX IX # OK FINE
will you go to the post office? who will?,IX FUTURE IX NOT NICE/CLEAN THING IN HAVE
where did mother walk to?,MOTHER SCL GO-OUT MOVIE WHO
"this is connected to the voice itself, and it is displayed like a print within voice identity.",THAT LOOK # LA IX DEAF PEOPLE IX SAY DCL DCL BOSTON BUT
"when my friend starts to surf the internet, i have to tell him to do homework.",FRIEND IX FRIEND IX GO-OUT FISHING WHO WOW BUOY
john finished reading.,fs- JOHN SHOULD
if it happens to rain i won't have an umbrella.,# IF IF POSS FAMILY MOVE DELICIOUS BUOY DEAF IX LOOK FINE
john wants to sell his car in the future.,IX KISS-FIST CHOCOLATE
i haven`t yet paid rent.,IX THINK COMMUTE BICYCLE NOT STILL BUOY
the people i met last night were really interesting!,fs- EVEN RAIN IN HOUSE REALLY MANY THING
the watch that my brother just found is real gold!,# SD IX # WHAT IX PROCEED FUTURE DCL
"when it rains, i have to leave.",SAME IDEA IX fs- SPEECH WITH MOTHER+FATHER MOTHER+FATHER
"when bob enters the surprise party, everyone will spray silly string at him.",fs- BOB IX fs- BOB WHY HAVE IX NOT HAPPY WHY IX REFUSE s
mother doesn't want to buy a house.,MOTHER BUY YESTERDAY
"i wanted to be involved in sports and after-school activities, plus many other things. i wanted to be more socialized. so,",THEN FAMILY # IF IX NOT BREAK TOOTH/GLASS IX MUST GET-UP IMPACT IX LOOK BCL BCL BCL BCL
there is way more research focused on speech disorders than on good quality speech.,ONE SAME THAT IX DCL WHO CAN ICL FOR SHOW FOR # NO SAY
is that the only one horse playing on the farm?,POSS MOTHER+FATHER MOTHER+FATHER IX LOOK ASK MORE - c o
those friends dyed their hair together.,FRIEND MAKE PARTY FOR SHOW THAT
do you all agree?,IX ENJOY k e
my friends are videophoning from home.,FRIEND IX SCL SELL POSS fs-
"""the cafeteria is serving ice cream tonight."" ""no, i just came from there and there wasn't any ice cream.""",DRESS/CLOTHES IX THINK IX REALLY WOW/AWFUL SAME IX REALLY REFUSE DO LOOK ON # DOG_2 IX BCL
john works nights.,fs- JOHN HAVE
"when it looks warm out, i must go to the beach.",IX FAMILY DEPART SCHOOL WHERE MOVIE fs- MARY LOOK REALLY POSS fs-
where was the man born? he was born in chicago.,REALLY SAME DCL DCL fs- EVEN IN ACT IX CAN FIND/FIND-OUT
my sister wants a headband for her birthday because she has long hair.,fs- BOB IX DANCE POSS BIRTHDAY_3 YEAR MOTORCYCLE IN THINK+HOPE THINK+HOPE THINK+HOPE 5
"really, i ended up getting arrested for that?",IF POSS FAMILY VACATION WHERE MOVIE # VP FOOTBALL
"we decided to have hamburger and french fries, something simple.",IX THINK MAKE REALLY IX MOVE-AWAY BUT REALLY IX HAVE fs-
"when i grew up, i was told that a bathroom is a safe place. it's not true anymore.",ATTENTION-WAVE IX MUST HAVE PINEAPPLE fs- OF fs- OBAMA SAME IN BOSTON fs- VERY XRAY SO # IF REALLY+WORK REALLY+WORK REALLY+WORK BCL
"the car didn't break down, the truck did.",COP LOOK IX CAN fs- JOHN POSS FATHER IX LOOK IX
mother bought a car and gave it to john.,BOOK MOTHER SHOULD READ BOOK
how many books will john buy?,POSS CAR BREAK-DOWN NOT GIFT POSS
the fire began to burn the wolf's tail.  the wolf threw himself out of the chimney; he flew out.,LOOK REALLY IX REALLY WOW
"in the past, when i was four or five years old...",REALLY LOOK LOOK OH-I-SEE IX REALLY POSS BIRTHDAY_3
"if i see that the beach is crowded, i won't go.",BCL fs- MARY HAVE IX MUST NICE/CLEAN CLASS_2+BOX/ROOM DCL DCL IX CAN REALLY POSS
mac beats pc because mac is good at suiting people`s needs.,fs- FRANK POSS SISTER IX fs- GRUNT THREE COOPERATE/UNITE WITH fs- SUE MONEY
john's old house was sold yesterday.,fs- JOHN HAVE BOOK FINISH READ BOOK READ
what did john buy yesterday?  books.,fs- JOHN GIFT CHOCOLATE GIFT CHOCOLATE fs-
...and when that was done we got on the raft again,CAN IX SAY ICL IN # WHEN NOT IX MUST
this happens when people don't know about the differences in sensory orientation.,KNOW THAT IX fs- BEACH DCL
it won't open til 9 or 10 in the morning.  we were okay with it even though we had to wait for a bit. the mechanic finally opened and they fixed the tire.,LOOK PERSON IX LOOK LOOK fs- BEACH IX REFUSE EAT PEOPLE MUST ACCEPT BUOY
my aunt is currently making a blueberry pie.,IF FRIEND IX FAMILY VACATION EVERY-YEAR VIDEO-GAME FUTURE
which house will the student's father buy?,STUDENT ARRIVE HOME FINISH GO-OUT HOME
the hearing person didn't care and got into the car.,REALLY SAME NOT IX
now france's king is bald.,COP FRIEND GROUP/TOGETHER DEPART WHY IX CAN
"except for utah group, the child had a deaf mentor, while the group from tennessee did not.",BUT # LA IX IX IX # SO IX IX FUTURE IX fs- OF NOISE IN THAT IX #
what does john eat? he eats caviar. yuck!,IX IX LOVE fs- JOHN SHOULD WHERE WHY IX FAVORITE/PREFER
he would read the book if he had time.,IX MUST DRIVE IX BOOK QM
"so, she went, showed up, and sat down.   the proctor was saying something about the test, the test began and she started writing.",IF IX DCL HOW IX REALLY NONE BCL BCL NOT CANCEL/CRITICIZE
"so, what does deaf speech mean?",LOOK LOOK THAT IX LOOK OH-I-SEE SAME
you didn't pass out?,IX IX LOOK IX ICL
"from then on, we were good and stayed out of trouble at csun.",BCL BCL IX FINISH READ BOOK WHY REALLY WOW
france's king is bald.,IF AUNT IX INTRODUCE NEW FRIEND
did the student buy many books?,AUNT HOUSE IX FINISH READ BOOK
"thirdly, the hospital often will discuss about the communication options.",BCL BCL BCL FOR EXAMPLE IX SAY MAKE
what did john buy yesterday?  books.,fs- JOHN FINISH READ BOOK
"since mary's car broke, john has been taking her to work.",FRIEND GROUP/TOGETHER - p l TIME IX fs- MARY NOT fs- JOHN IX HAVE
my teacher is a good advisior.,# OK GIFT TEACH+AGENT TEACH+AGENT WHO
"my mother taught my two brothers and me, so it was easier for us to move around.",STUDENT IX POSS BOSS IX FINISH SET-UP
"if he has time, he will bake cookies.",IF POSS POSS FAMILY VACATION WHERE NOT LIKE CHOCOLATE
"after i explained wyoming, the tons of cows and all that...",# DO IX WHO
"when the teacher finishes reading the magazine, she will read a book.",THAT IX LOOK WHERE
"if my computer breaks down, i tell carol.",IF SISTER IX fs- BEACH QM
i can't believe the car broke!,BCL BCL IX # IF IX fs- MARY
good weather has not arrived in boston… hurry up!,IX REALLY COP WHERE HAVE PINEAPPLE fs- LATE GOOD/THANK-YOU IN
"or they can hand off to the running back, ",LOOK IX DEAF IX IX # VP
i enjoyed chatting with those two because we talked about asl.,STUDENT FUTURE GIVE - c o n u a t i
wow! that watch costs three thousand dollars!,IX MAKE NOISE MAKE ICL ICL LOCK
"vince lombardi, before his men walked onto the field, ",fs- OF REALLY IX # DO MUST NICE/CLEAN KITCHEN BCL
why did the friends dye their hair together?,FRIEND GROUP/TOGETHER DCL REALLY ONE MOTHER+FATHER MOTHER+FATHER MOTHER+FATHER
do you like physics class?,SAY SAY DCL p l
i love fireworks.,IX POSS FAMILY
"if i don't study, i will fail.",# IF IX THINK IX SAY DCL DCL DCL NOT
the students obeyed and listened to the teacher.,MOTHER IX IX STUDENT HAVE THAT SCL BUOY
"...this is really my favorite quote.  before that super bowl game,",# SO IX NOT HAVE # BQQ PARTY CAN HAVE GOOD/THANK-YOU PEOPLE ONE WOW IN
those friends went out together.,FRIEND GROUP/TOGETHER GO-OUT IX IX
mary isn't a vegetarian.,fs- MARY fs- MARY IX fs-
will john give his father that car?,IX fs- JOHN NOT LIKE MOVIE ACT
"he went out of the bathroom, and he saw his mother looked so horrified as she was on the phone. he asked her, ""what's wrong?"" she said, ""oh, you made terrible noises.""  he was surprised about it.",POSS IDENTIFY IX SCL ICL ICL IX FINE IX IX GO HOSPITAL IX # WHEN WHO POSS SISTER DEPART
no one wants to go.,STUDENT IX ARRIVE QM
i hope there's pineapple cream cheese.,IX MAN HIT IX fs- OF REALLY
when is the pizza party that friend is hosting?,COP FRIEND GO-OUT FISHING IX FAVORITE/PREFER ACTION AND MOTHER+FATHER
john has visited mary.,fs- JOHN IX ARRIVE
john will visit mary.,DRIVE IX DCL fs-
who's driving?,WHO WHO IX CAR
"when my friend calls me on the video phone, the lights flash on and off.",FRIEND GROUP/TOGETHER IX HAVE VIDEOTAPE # LA IX GRAB-CHANCE
they assigned me many tasks.,# IF IX NOT GO-OUT
then it struck me: i had pulled the cigarette from my pocket and put it to my mouth.,# IF fs- JACK IX HAVE fs- LATE MOTHER+FATHER MOTHER+FATHER MOTHER+FATHER FINE IX MUST STAY MAKE REALLY IX HAVE
"i looked at cows while i was driving and i felt sad for them because they couldn't even move. at end of the ""jail"", i saw a butcher shop where they were slaughtering the cows. i also saw some dead cows that were hanging!",IX IX NOT SCL fs- OF FOR REALLY ONE fs- EVEN NAME fs- EVEN # SALE # OK DEAF DIFFERENT DCL REALLY IX DEAF SAME DCL LOOK DCL LOOK DEAF fs- JACK IX REALLY IX CAN TELL MANY SAME IX FINISH IN fs- BILL BUT IX IX NOT HAVE DCL DCL
"...and here in boston is that the fall, in september, seems about the same.",IX REALLY NONE BCL SCL PAST+NIGHT PAST+NIGHT WHERE IX CAN USE-SIGN-LANGUAGE IN DEAF BUOY
who loves john?,fs- BOB SCL
"in event of snow, school is cancelled.",AUNT IX CAN HORSE ICL ICL IX #
"that book you are reading now, i read a long time ago when i was young.",DCL WHO DCL WHO IX NOT IX BUOY
last night i rented an awful movie.,POSS SISTER SCL WITH IX MUST WAIT
mother does not want to buy a house.,YESTERDAY BOOK IX HOUSE IX
the student likes chocolate.,FRIEND IX NICE/CLEAN CLASS_2+BOX/ROOM
what did bob give his girlfriend?,fs- BOB IX GO-OUT FISHING #
if a hearing person were to walk by and didn't know what was happening and who was there they probably would have assumed two people were fighting because of the grunting. that kind of sound makes you wonder.,# NO IX fs- VERY PLAY AREA WOW THAT
the teacher likes movies.,STUDENT IX MUST NICE/CLEAN
"now, i`m wondering from now on with the new job, does that mean i might be moving around again for the next seven years or less?",SAME VOICE KNOW IX FINISH LOOK IN THAT NOISE IX CANNOT FINE DEAF
my first year at csun.,OFTEN THAT DCL TELL POSS
"the wolf said, ""i'm ready to eat you three.  i'll do it.""",BCL BCL
"john doesn't usually take mary to work, they usually walk to work together.",fs- JOHN IX IX IX FAVORITE/PREFER fs- ALI POSS WEDDING CAN FIND/FIND-OUT CULTURE fs- MARY HAVE
he removes the coffin lid and looks in.,IX LOOK NOISE MAKE REALLY ONE SHOW IX
for example howard dean ran for president as a democrat candidate in the 2004 iowa caucus.,BCL BCL FINE IX fs- CEREAL THAT SAME IX NOT MANY DCL DCL HEAR DCL IN THAT NOT HAPPY
now mary knows john.,IX fs- MARY
how to control making noises in the different places is also challenging.,IX KISS-FIST fs- TO MAKE ICL NOT KNOW IX BUOY
"last monday, i knew it would rain the next day.",REALLY IX SAY DCL IX FAVORITE/PREFER SOME IX THINK MORE SOME
i was looking back and saw two cops running.,IX HAVE PINEAPPLE fs- CREAM CHEESE MAKE NOISE IX
maybe i could just let them know and say that i was sorry for going to the bathroom in the public.,SOME POSS SUGGEST ICL DEAF PEOPLE WHO WOW BAD DCL IN HOUSE IX SAY MAKE REALLY WOW IX ENTER TOILET IX
bob hasn't given the rose to his girlfriend.,IX FRIEND IX fs- BOB IX MUST STAY VOICE fs-
my friend loves to go outside because he loves camping.,POSS CAR TIME COP ARRIVE HOME fs- OF SCL DEAF
"i have to admit that during spring time in boston, it rains a lot.",LOOK OH-I-SEE IX KISS-FIST IN BROOKLINE CHEESE YES IX # SO IX DCL NINETY BPCL
i need to buy shorts.,IX LIKE MOVIE REALLY IX
my father moved here to chicago.,IX MUST GIFT POSS CAR BREAK-DOWN
the sister doesn't like chocolate cereal.,THAT KIND POSS FAMILY TAKE-UP DCL QM
i missed my morning class because i didn`t wake up to my alarm.,IX INTRODUCE FIRST PEOPLE GO-OUT MOVIE ACT # NO BUOY
i was definitely deaf.,IX MUST NICE/CLEAN KITCHEN
he decided to waive the fine because he thought it was funny.,IX FINISH ARRIVE fs- LATE IX SCL IX MUST NOT DEAF PEOPLE
do you want butter?,IX THINK # WHEN
"after the movie ends, the teacher will buy a book to give to the student to read.",FRIEND FUTURE READ BOOK
"if the friends don't go out together, they will stay home and watch tv.",FRIEND IX SCL IX IX IX NICE/CLEAN IN # SD IX fs- LATE
whose car is that?,CAR IX IX READ
"did john read the book?  yes, he already did.",fs- JOHN LOVE IX NICE/CLEAN KITCHEN SOON IX MUST GO WOW
"if mom doesn't walk to the store, there won't be any milk.",# IF POSS SISTER NOT IX IX NOT STUDY
the student likes chocolate.,STUDENT IX KISS-FIST CHOCOLATE
when did you graduate high school? will you go to college?,SAME REALLY WOW DEAF PEOPLE SAME TIME # VP PEOPLE WHO SCL
"...he told his men, ""hey, remember: winning isn't everything--",# WHEN IX NOT REASON IX IX CAN IX THAT DEAF fs- LOTTERY BUT IX IX NOT BREAK IX
"from now on, i won't sleep. that's it. ",SCL
did the teacher buy a house yesterday?,TEACHER CAR WHO HAVE CAR YESTERDAY
he had made a videotape of himself riding on one wheel at 80 mph!! he is crazy!!,DRESS/CLOTHES POSS BOSS IX NEVER SCL
"for example, in some areas of the world, people have a strong tendency to talk fast.",BUT # IF IX DRIVE MOTHER+FATHER MOTHER+FATHER MOTHER+FATHER MOTHER+FATHER MOTHER+FATHER MOTHER+FATHER TWO fs- GRUNT MANY DIFFERENT IX DEAF
"when my friends go out, i'll take the time to do homework.",FRIEND IX NOT LIKE
who lost the key?,fs- LOTTERY KNOW IX
who arrived?,WHO MUST
the boy wants new shoes.,NOW SCL SELL BCL NOT
"the voice can tell you if a person is intelligent, whether or not they went to college and whether or not they went to a high ranking college.",IX REALLY IX LOOK MANY EXPERIENCE DCL fs- VERY fs- MPH ICL BCL
"really, i know, i am sure you guys who have lived in a dorm, you hate the ras.  but anyway...",IX ARRIVE HERE POSS fs- BOB SCL SCL SCL DCL DCL BOSTON WHY IX MUST SAY IX MUST
i tended to sneak in and cause problems for another residences.,IX SISTER IX MAKE REALLY IX FEEL # NO IX REALLY
"the cop said, ""no, i saw it very clearly.""",DRESS/CLOTHES fs- CREAM CHEESE IX
"i was relieved, because it was important that nobody see me.  ",IX SAY SAY LOOK PERSON POSS NAME IX THAT IX IN #
the students must learn to listen to the teacher because the teacher is in charge.,IF MOTHER IX TEACHER CAN TEACH+AGENT TEACH+AGENT TEACH+AGENT IX NOT ACCEPT IX MUST NICE/CLEAN KITCHEN
has the teacher cleaned the classroom yet?,TEACHER LOOK POSS BIRTHDAY_3 IX GO-OUT FISHING
"when it's loud, it can be seen as a lack of politeness, as barbaric.",# WHEN POSS BIRTHDAY_3 IX NOT SNOW SCHOOL HERE
where is your friend driving to?,FRIEND IX TIME WHO
the students gave a book to the teacher.,STUDENT MOTHER ARRIVE IX IX
then what happened was a wolf arrived in the area,BCL BCL BCL BCL fs- EVEN DROP FAMILY IX
i've been here all day; i want to leave.,IX REALLY POSS IX FINISH FLUSH
was i shitfaced drunk last night?,NOT POSS FATHER ARRIVE ACT WHO
while the paper manila envelope...,HAPPEN RAIN IX WHO GO-OUT SELL
"if all the students arrive on time, there won't be a test.",FRIEND KNOW IX NOT BUY PLAID SHIRT
all the boys each give the teacher an apple.,# WHEN TEACH+AGENT TEACH+AGENT WHY IX CAN GIVE -
"first it tends to be nasal.  this is referred to as ""nasal resonance disorder.""",fs- JACK SCL SELL WHY CAN fs- PARK SAME IX SAY
last night i did a lot of homework.,IX SISTER IX NEVER CAN VACATION POSS IDENTIFY
do you think obama will be elected again for his second term as president?,ONE POSS IDENTIFY # VP WHO MORE ABOUT DCL
she pulled a bunch of pots from the cabinet and went back upstairs to my room.,TEACHER IX # NO IX NOT NOT MUST # SO IX
"when we arrive in india, i have to send my family a postcard thanking them for support.",# DO # SALE IX REFUSE EAT THING SITUATION fs- BEACH MANY THING STILL LOOK NOISE IX HAVE
"mary's not here, she just left.",REALLY IX fs- MARY NOT LOVE LETTER/MAIL DEAF PEOPLE
"the baby is just deaf. it's not their fault, they're doing perfectly fine.",IX CAN DCL REALLY # LA # SO IX # SO IX THINK RAIN SCL DCL
what did bob give to his girlfriend?,fs- BOB IX # IF FRIEND PROCEED
bob hasn't gone to the post office.,fs- BOB IX IX FINISH READ BOOK FUTURE KNOW
or ask the collided group about the car and if the glass was broken?,# IF IX IX LOOK PERSON FUTURE TAKE # OR REALLY IX REFUSE EAT
"i was driving and i got a flat tire, so i called aaa and they came very quickly.",IX SAY PEOPLE WHO CAN BPCL fs- OF DEAF ON IN fs- OF PERSON IX fs- DONNA AND HEAR
the flat road was boring but at least it was safe!,HORSE NOT IX THAT IN THAT KIND IN # OK DECIDE
"if i decide not to swim in the water, i will walk on the shore.",FRIEND NOT IX WHO POSS IDENTIFY LIST-ORDER IX MAKE REALLY DCL BUOY
i had a big bruise near my eye.  why...,MUST DCL REALLY WOW IN BROOKLINE LOOK BUT IX JOIN WOW IN
where do you work?,POSS FAMILY VACATION
"have hearing friends come over, to socialize.",# WHEN FRIEND GROUP/TOGETHER DEPART CAMP WHY
"no, i just finished homework.",# WHEN # WHEN NOT BREAK-DOWN
i hate asking for directions and then having to read lips and gestures to figure out the directions.,AUNT LOOK OH-I-SEE BOSTON NOT EXPERT MAKE IN # PO
obama is from philadelphia.,# WHEN IX fs-
the teacher likes chocolate.,PIG POSS STUDENT
"when the sun rises, he asks himself, what was that, with the shaking? ",REALLY IX HAVE DEAF fs- GRUNT s e fs- ALI
i braced myself as we went down--i was expecting to fall out.,IX CAN POSS IX fs- RENT POSS NEW HOUSE
the park is crowded because the kids love playing there.,IX THAT IX NOT ARRIVE HOME fs- JOHN FINISH READ
"while i was a graduate student, in a linguistics class, a professor gave a lecture about syntax.",STUDENT IX ARRIVE HOME fs- IT fs- ROPE REALLY ONE SHOW HOW IX CANNOT COMPETITION BPCL
i always get sick in winter because i wear flip-flops.,IX THINK FISHING FOR COP OH-I-SEE SCL CHASE IX REALLY WOW
the deaf man turned to the cop and gestured that he couldn't hear.,REALLY IX BCL BCL BCL
"i have to admit that sf copies boston a little, but anyway...",IX HOPE DEAF PEOPLE LOOK LOOK OH-I-SEE IN BOSTON BUT # WHEN
who is asking for directions?,WHO GO-OUT WHO GO-OUT MOVIE
my friends realized they didn`t want a pizza party because it has been the norm.,FRIEND GROUP/TOGETHER DCL REALLY SAME # IF IX CAN IX HAVE fs- VERY u a l s
"when you finish homework, you can go play outside.",AUNT IX # DO THAT POSS BIRTHDAY_3
"if it snows, school is cancelled.",# IF IX REALLY MANY IX REALLY
when the three pigs grew up...,MOTORCYCLE POSS FATHER NOW MOVIE HERE SCHOOL HERE
who likes chocolate?,GO-OUT CAR BREAK-DOWN
"or, if they really need to arrest someone, cuff him with his hands in front of his body...",IDEA THAT ONE fs- OF REALLY IX HAVE MOTHER+FATHER MOTHER+FATHER MOTHER+FATHER TWO fs- LATE NIGHT
"the next pig, well, he wasn't lazy...",POSS MOTHER+FATHER MOTHER+FATHER MOTHER+FATHER MOTHER+FATHER MOTHER+FATHER IX
"i was drinking underage, too.",BAD WEATHER DCL QM
why isn't there any chocolate cereal?,IX NEVER IX GO-OUT fs- ROPE BUOY
"if father arrives home late, he can`t help us with our homework.",# IF THAT IX WHO ARRIVE HOME IX # NO NOT WIN IX
be friends with their child's friend's parents. it's important to be connected and they must collaborate with others.,FRIEND IX HAVE MANAGE/CONTROL fs- TO fs- MPH IX REFUSE IX fs- IT # RA IN PLACE QM
the sushi i ate tasted weird. i hope it`s not spoiled.,BAD WEATHER IX fs- MARY IX LOVE IN BOSTON
john read a/the book.,fs- JOHN IX LIKE CHOCOLATE
"if it's cold, my mom won't go out.",IX # DO THAT IX NOT BUY BOOK IX
is that john's father's car?,NOT LIKE MOVIE
"dad likes chocolate cereal, like me.",POSS FRIEND LOOK WOW TO/UNTIL WHO
"...you know, they have different buildings for different wards.  i went in and waited some more.",LOOK DCL DCL
there are real implications behind the value of speech culture and what it means when it's given a voice.,SCL IX ARRIVE HOME VOICE DCL WHERE IX NOT BREAK WINDOW QM IX NOT FEEL SAY DCL REALLY IN HERE
mary is funny. she really wants an ugly dog.,IX # LA AREA NOT REASON IX IX IX fs-
there's something strange about myself.,fs- OBAMA IX CAN TELL FOR
some strange thing/person arrived.,DRESS/CLOTHES IX REALLY IX GO-OUT #
"if john eats spinach, he will get sick.",# IF IX THAT KIND fs- JOHN FUTURE READ
"a man walking saw money on the ground, and seeing no one was around, he pocketed it.",IX MUST # NO REALLY PERSON IX fs- JOHN HAVE MANY MANY THING
often they don't realize how much noise they are making. so they're not as quiet as they think.,HORSE SCL WHERE # NO IX DCL DCL DCL DCL
"i was on i-80 all the way across the country and then i eventually got on i-90.  i expected that it would take me maybe three or four days to drive across the country. unfortunately, i was wrong!",# SO IF IX fs- VERY MARY NONE/NOTHING REPORTER CLEAR SAY DCL AND MONSTER POSS FRIEND IX LOOK OH-I-SEE TO IX # BBQ MOTORCYCLE SCHOOL NOT DEAF PEOPLE WHO IX JOIN IX NOT LIKE CHOCOLATE STILL BCL BCL IX NOT ARRIVE SCHOOL CONTINUE
i noticed some animal crossing the road.,IX SCL DEAF PEOPLE WHO CAN TALK
mary arrived late.,fs- JOHN NOT
it must be ripped fast to reduce the noise.,fs- THEN POSS FAMILY VACATION EVERY-YEAR WHERE IX CANNOT
the game finishes before 6? what time?,THEN IF POSS FRIEND DEPART SELL
"i thought ""why don't i just drive on"". ",IX MAN NOW IX KISS-FIST APPLE WHERE QM
